{
  "weights": [
    0.2416570092245165,
    0.19290728157773357,
    0.4334787879082715,
    0.23620134518077127,
    -0.10698702871271869,
    0.3890979373893597,
    0.2315032855429024,
    0.31937222429063694
  ],
  "bias": 0.007459598251983532,
  "scaler_mean": [
    167.1495361328125,
    50.995689392089844,
    0.11267824470996857,
    0.14557190239429474,
    16.374725341796875,
    49.9163703918457,
    12.472877502441406,
    7.284639358520508
  ],
  "scaler_std": [
    31.39413070678711,
    29.428451538085938,
    0.11830954998731613,
    0.12749673426151276,
    3.8804643154144287,
    36.00979232788086,
    11.93961238861084,
    8.477983474731445
  ],
  "feature_names": [
    "f0_mean",
    "f0_std",
    "jitter_local",
    "shimmer_local",
    "hnr",
    "mfcc_1",
    "mfcc_2",
    "mfcc_3"
  ],
  "real_data_stats": {
    "parkinson_features": {
      "f0_mean": 189.11,
      "f0_std": 79.14,
      "jitter": 0.239,
      "shimmer": 0.273,
      "hnr": 20.0,
      "mfcc1": 87.85,
      "mfcc2": 23.03,
      "mfcc3": 15.33
    }
  },
  "metadata": {
    "model_type": "optimized_speech_parkinson_classifier",
    "input_features": 8,
    "output_classes": 2,
    "optimization": "based_on_real_data",
    "created_at": "2025-08-09T23:57:24.478728"
  }
}