{
  "weights": [
    -0.15455172468118392,
    0.5214899207037024,
    0.4071048318708458,
    0.5592403670413275,
    -0.295730819551799,
    0.06315141795885632,
    -0.0848921155033707,
    -0.08857445433811262
  ],
  "bias": -0.020361394703641365,
  "scaler_mean": [
    169.20687866210938,
    27.391366958618164,
    0.009780251421034336,
    0.053513552993535995,
    11.69058895111084,
    0.17760026454925537,
    -0.06896491348743439,
    0.04805735871195793
  ],
  "scaler_std": [
    32.24956512451172,
    10.856378555297852,
    0.00764856394380331,
    0.033245351165533066,
    4.917834281921387,
    0.951188862323761,
    0.6949436664581299,
    0.5001909136772156
  ],
  "feature_names": [
    "f0_mean",
    "f0_std",
    "jitter_local",
    "shimmer_local",
    "hnr",
    "mfcc_1",
    "mfcc_2",
    "mfcc_3"
  ],
  "metadata": {
    "model_type": "speech_parkinson_classifier",
    "input_features": 8,
    "output_classes": 2,
    "created_at": "2025-08-09T23:25:52.659958"
  }
}